first_age,first_hand,first_ht,first_id,first_ioc,first_rank,first_rank_points,second_age,second_hand,second_ht,second_id,second_ioc,second_rank,second_rank_points,label
24.33,R,180,103990,ESP,5,2190,21.42,R,183,104527,SUI,46,803,1
25.67,R,201,101820,SUI,16,1582,23.06,R,185,102234,GER,210,185,0
22.23,R,183,103602,CHI,20,1513,30.15,R,188,102106,ITA,46,775,1
23.45,R,190,105208,LAT,71,695,21.39,R,183,105633,EGY,396,94,1
25.82,L,175,102905,AUT,54,695,22.28,R,185,103598,BEL,26,1265,0
20.37,R,190,102358,SWE,49,747,26.75,R,170,101409,PER,25,1224,1
24.09,R,190,104997,NED,148,376,32.5,R,193,103344,CRO,29,1315,0
29.59,R,180,104655,URU,30,1170,25.12,R,175,105575,LTU,86,586,0
27.97,R,175,103451,GER,153,279,30.72,L,175,102905,AUT,53,635,0
31.36,R,183,103835,ITA,87,582,28.05,R,183,104468,FRA,16,2145,0
21.36,R,188,101797,NED,110,333,26.14,L,185,101205,CAN,78,462,0
23.66,R,185,106058,USA,25,1505,31.46,R,196,104460,GER,116,520,1
30.44,R,190,101888,CZE,698,17,24.18,R,183,103017,GER,40,910,1
26.14,R,188,102539,CZE,44,784,25.82,R,190,102607,ESP,64,645,1
25.16,R,185,104755,FRA,13,2080,25.24,R,203,104731,RSA,35,1175,1
20.57,R,198,100644,GER,3,4410,36.27,R,185,103819,SUI,2,9005,0
31.27,R,190,102358,SWE,131,332,29.46,R,180,102703,KOR,67,583,0
27.17,R,183,102694,GER,72,555,21.1,R,180,103900,ARG,9,1955,0
20.48,R,188,101710,USA,444,27,25.88,R,178,101073,ARG,17,1061,0
29.96,L,175,102271,MAR,63,591,25.8,R,173,103096,FRA,27,1080,0
21.28,L,183,102235,USA,144,312,23.58,R,183,101865,CAN,184,233,0
23.22,R,193,106071,AUS,17,1720,30.64,R,188,104559,RUS,50,863,0
24.61,L,190,105373,SVK,108,514,30.71,R,188,104198,ESP,53,861,1
25.04,R,185,102158,AUS,2,3210,24.54,R,173,102238,ESP,24,1425,1
31.21,R,190,102231,ESP,106,414,20.27,L,183,104372,GBR,206,189,1
25.22,R,185,101601,NZL,74,586,24.22,R,180,101736,USA,20,1342,1
20.47,R,196,101990,NED,13,1394,23.58,L,183,101532,ESP,23,1121,1
29.06,R,198,105223,ARG,19,2225,33.92,L,188,104269,ESP,43,1090,1
22.81,R,193,102446,UKR,19,1613,24.05,R,180,102227,ARM,90,538,1
31.55,R,173,102300,JPN,263,139,26.09,R,185,103387,THA,43,800,0
22.7,R,188,105558,FRA,93,564,30,R,183,104122,ARG,81,615,0
26.51,R,180,103166,BLR,168,239,26.77,R,183,103103,SVK,17,1393,0
23.65,R,188,104198,ESP,65,562,21.68,R,188,104559,RUS,108,400,1
27.45,R,180,103990,ESP,15,2090,23.36,L,185,104745,ESP,2,8945,0
21.94,R,185,101793,USA,1,3781,25.41,L,173,101332,ISR,129,291,1
28.9,R,188,102093,CZE,155,250,27.29,R,190,102358,SWE,13,1800,0
18.83,L,190,104999,GER,304,108,33.82,R,188,102106,ITA,67,585,1
25.85,R,188,103808,ITA,53,639,30.38,L,175,102905,AUT,68,552,1
26.19,R,188,101230,RUS,29,1041,19.34,R,178,102148,FRA,54,582,0
22.66,R,183,104597,ESP,23,1220,24.77,R,185,104214,RUS,32,1055,0
29.72,R,183,103602,CHI,12,2880,22.25,L,188,105077,ESP,161,298,0
21.31,R,196,101735,AUS,101,358,21.13,R,180,101772,RUS,14,1320,0
29.05,R,196,104607,CZE,7,4235,29.77,R,183,104468,FRA,29,1220,0
27.73,R,193,104792,FRA,28,1390,27.03,R,190,104918,GBR,8,4120,0
25.23,R,188,101235,NED,56,564,19.66,L,193,101964,CRO,7,1581,1
29.52,L,190,104999,GER,30,1216,30.74,L,185,104745,ESP,6,4115,0
32.62,L,180,100581,USA,28,876,22.5,R,183,101589,FRA,88,417,1
25.32,R,183,101865,CAN,187,210,22.28,R,190,102358,SWE,9,2216,0
31.88,R,183,104022,RUS,16,2020,32.3,R,190,103917,FRA,39,1077,1
23.62,R,175,101511,AUT,41,796,22.05,R,183,101719,FRA,61,556,1
27.58,R,196,104460,GER,150,352,29.1,R,188,104198,ESP,87,581,0
33.58,R,188,104198,ESP,70,725,27.46,R,181,105379,SLO,101,592,0
25.62,R,190,102358,SWE,18,1645,27.67,R,175,102021,USA,73,619,1
30.43,L,190,101098,FRA,28,1040,24.93,R,198,101774,USA,17,1619,1
22.28,R,180,103971,SVK,65,633,24.25,R,180,103544,ISR,329,93,1
26.05,R,178,102233,IND,102,472,28.3,L,190,101885,AUS,106,458,0
22.75,R,183,105062,KAZ,83,628,29.69,R,168,103694,BEL,78,665,1
21.76,L,183,102644,ARG,100,454,27.64,R,175,101647,ZIM,67,719,0
33.51,R,183,102035,SWE,93,438,30.49,R,188,102565,GER,111,390,1
25.19,R,190,102642,FRA,117,325,19.66,R,180,103720,AUS,9,2262,0
24.71,L,190,103566,FRA,50,770,21.73,L,193,104180,LUX,67,564,0
25.71,R,188,101298,SWE,81,496,30.1,R,185,100829,SWE,236,114,0
28.61,R,201,102880,GER,136,321,24.14,R,188,103758,USA,30,1095,0
22.34,R,180,101736,USA,9,1889,24.36,R,183,101475,ESP,10,1655,1
30.79,R,178,101382,URU,80,584,30.63,L,180,101404,AUT,22,1518,1
29.8,R,188,104797,UZB,116,531,30.11,R,203,104731,RSA,25,1505,1
23.35,R,203,105668,POL,20,1715,25.93,R,183,105138,ESP,47,965,0
28.14,R,185,101727,AUS,62,772,21.63,R,173,102869,ESP,40,963,1
26.55,R,175,104534,ISR,97,560,22.96,R,180,105238,UKR,16,1880,1
25.89,R,185,105041,SVK,83,635,29.86,L,185,104268,COL,95,575,1
32.94,R,175,103970,ESP,8,4535,22.39,R,193,106071,AUS,35,1150,0
28.77,R,183,102247,ITA,58,697,22.35,R,185,103484,USA,40,872,0
22.19,R,183,101719,FRA,63,576,23.42,R,193,101552,BEL,148,228,0
33.43,L,188,103852,ESP,13,2325,27.7,R,190,104947,TUR,104,538,0
20.3,R,185,101727,AUS,104,301,24.83,L,188,101185,AUS,124,248,1
25.55,L,183,105385,USA,67,764,22.48,R,180,106045,USA,131,417,1
28.42,R,193,104660,UKR,93,600,26.9,R,196,104978,GER,130,430,1
24.61,L,188,105077,ESP,50,855,29.89,R,183,104068,USA,234,206,1
29.01,L,193,101362,FRA,129,367,30.68,R,180,101191,USA,30,1061,0
23.66,R,188,104871,FRA,59,820,23.41,R,190,104918,GBR,4,5125,0
26.56,L,185,104268,COL,67,723,32.14,R,185,103174,ISR,273,162,1
24.59,R,178,104523,POR,70,669,32.81,L,175,102905,AUT,114,481,1
24.77,R,185,104433,CAN,93,723,23.5,R,193,104660,UKR,87,762,0
29.65,R,178,104259,GER,18,1885,30.35,R,183,104122,ARG,72,690,1
25.3,R,190,104076,ARG,50,621,23.72,L,183,104372,GBR,188,227,1
22.57,R,178,101382,URU,44,464,23.81,R,183,101252,USA,467,25,1
30.48,R,188,104542,FRA,15,1990,29.36,L,185,104745,ESP,7,4060,1
23.48,R,185,103174,ISR,142,280,30.56,L,190,101885,AUS,80,523,1
25.94,R,188,102106,ITA,54,797,21.82,R,173,102869,ESP,102,488,0
19.23,R,180,102374,ESP,74,532,20.54,R,183,102154,RSA,27,1003,1
25.87,R,185,103594,AUT,90,454,22.62,R,178,104259,GER,83,499,0
23.88,R,188,102093,CZE,81,572,26.45,R,180,101681,GBR,138,337,1
25.26,L,183,101733,NED,52,766,26.94,R,178,101507,ESP,90,509,0
18.82,R,196,104607,CZE,67,580,25.59,R,175,103292,ARG,11,1745,0
27.98,R,193,100866,ISR,219,110,19.06,R,185,101965,RSA,149,212,1
22.09,R,183,102205,CAN,83,559,27.32,R,178,101439,ESP,54,739,0
23.98,R,180,106045,USA,119,508,26.88,R,180,105413,SVK,121,499,0
23.98,R,190,101932,USA,73,600,24.96,R,190,101775,DEN,91,486,1
24.73,R,185,103248,ISR,190,186,20.84,R,183,104022,RUS,30,1090,0
25.22,L,190,105373,SVK,56,822,29.03,R,196,104607,CZE,6,4115,0
33.94,L,193,104180,LUX,28,1425,34.96,R,180,103990,ESP,300,162,1
27.83,R,178,102148,FRA,35,967,31.96,L,183,101532,ESP,46,816,1
23.19,R,188,103082,GER,97,416,29.14,R,170,101991,COL,290,107,0
24.99,R,183,104527,SUI,23,1675,27.75,R,183,104022,RUS,15,2225,0
23.36,R,188,102539,CZE,58,802,25.57,R,178,102148,FRA,24,1371,0
20.31,R,185,104338,ARG,103,400,23.47,L,178,103700,ARG,159,255,1
23.33,R,188,101298,SWE,44,447,21.49,R,175,101511,AUT,19,726,1
33.44,R,188,100656,USA,11,1886,23.3,R,180,101736,USA,22,1226,0
26.85,R,185,103285,CZE,14,1480,27.19,R,180,103240,USA,83,474,1
32.16,R,193,104330,USA,73,732,32.95,R,188,104198,ESP,55,865,0
26.48,L,185,103813,FIN,26,1075,20.25,L,175,105028,CAN,170,242,1
25.05,R,183,103835,ITA,38,855,27.36,R,185,103373,ARG,105,400,1
25.45,R,185,102887,PAR,81,490,15.9,L,185,104745,ESP,762,14,0
21.07,R,188,101890,USA,129,275,22.85,R,180,101613,USA,31,1041,0
23.27,R,188,104198,ESP,82,500,23.75,R,185,104098,RUS,22,1165,1
22.03,R,193,101529,GER,67,507,22.18,R,175,101511,AUT,26,932,1
20.32,R,175,101746,ITA,82,398,20.5,R,175,101715,ESP,460,23,1
28.09,R,183,102860,ARG,56,685,31.65,R,185,102179,FRA,96,436,0
24.93,R,196,101806,GER,79,562,25.81,L,183,101659,SWE,74,588,1
22.74,R,190,102845,ESP,4,3080,31.33,L,190,101434,CZE,122,379,1
27,R,175,101647,ZIM,49,838,21.26,R,185,102615,NED,117,418,1
24.24,R,183,102247,ITA,69,695,20.95,R,185,102887,PAR,109,405,1
33.39,R,180,103990,ESP,27,1315,33.24,R,183,104022,RUS,92,581,1
22.99,R,180,102374,ESP,21,1401,28.45,L,183,101532,ESP,35,1076,1
21.57,R,190,102562,CZE,40,940,29.62,L,188,101334,RUS,87,556,1
28.39,R,175,104534,ISR,77,656,29.18,R,180,104386,SRB,21,1685,0
26.61,R,180,104386,SRB,51,935,25.32,R,188,104619,NED,120,493,0
23.81,R,173,102238,ESP,16,1532,31.17,R,188,101235,NED,55,828,1
23.73,R,188,105053,COL,56,835,24.46,R,188,104882,SLO,81,640,1
28.51,R,173,104262,ITA,70,686,30.59,L,188,103852,ESP,16,1855,0
29.03,R,185,104338,ARG,18,1900,25.27,R,175,105065,USA,124,427,1
21.61,R,185,103484,USA,120,343,23.64,R,173,103096,FRA,11,2025,1
23.21,R,180,103971,SVK,43,812,28.62,R,196,102882,AUS,142,308,0
25.31,R,175,102021,USA,2,3727,28.64,L,183,101532,ESP,38,1084,1
22.06,R,193,105217,NED,47,980,26.53,R,185,104338,ARG,41,1085,0
31.05,L,188,105077,ESP,71,710,28.72,L,185,105550,ARG,59,790,0
18.52,R,185,101948,USA,32,520,26.14,R,203,100990,CZE,55,389,1
25.78,R,180,104229,TPE,75,927,24.22,R,183,104515,FRA,123,636,0
24.54,R,185,103598,BEL,46,808,29.86,R,190,102562,CZE,28,1105,1
26.25,R,170,101358,FRA,99,447,27.61,R,188,101222,SWE,3,3145,0
20.16,R,198,100644,GER,12,2860,31,R,185,104755,FRA,30,1335,1
29.17,R,185,103819,SUI,3,6735,26.63,R,190,104312,ITA,58,855,1
26.31,L,180,101150,ITA,88,414,22.35,R,193,101609,USA,13,1396,0
24.73,R,196,105683,CAN,9,2790,27.44,R,183,105138,ESP,23,1510,1
26.86,R,180,103990,ESP,15,2710,20.45,R,198,105227,CRO,19,2510,1
29.15,R,188,102539,CZE,133,292,26,R,183,103176,ESP,56,641,0
24.94,L,183,103781,AUT,70,575,25.28,R,168,103694,BEL,30,980,0
25.8,R,185,102987,BRA,72,578,22.97,R,175,103525,PER,141,260,0
30.26,R,188,100656,USA,1,2909,28.15,R,183,100815,USA,126,238,1
23.31,R,188,101890,USA,48,749,20.29,R,180,102372,NGR,315,99,0
23.69,R,196,104976,USA,91,566,30.67,R,185,103598,BEL,45,1001,0
21.58,L,183,102235,USA,157,293,22.46,R,188,102093,CZE,84,540,0
23.5,L,188,101374,MEX,188,147,25.96,R,185,101106,SWE,65,510,0
32.5,L,193,102257,GBR,46,805,20.94,R,183,104527,SUI,58,677,0
30.72,R,185,100763,USA,19,1223,28.48,R,183,100972,USA,94,381,0
28.44,L,185,104268,COL,53,830,21.32,R,196,105683,CAN,25,1335,0
28.69,R,185,101793,USA,67,684,20.91,R,175,103206,FRA,40,983,0
24.53,R,185,101364,USA,540,25,18.01,R,180,102304,AUS,538,26,1
28.36,R,183,103507,ESP,23,1135,20.84,L,190,104999,GER,92,477,0
27.51,R,178,101889,AUS,71,657,25.48,R,185,102201,FRA,198,227,1
28.69,R,185,101601,NZL,50,669,21.32,R,190,102856,BRA,14,1545,1
21,R,185,101948,USA,3,2830,26.88,L,188,101185,AUS,58,583,1
27.71,R,178,101507,ESP,47,869,28.56,L,180,101404,AUT,2,4454,0
20.98,L,183,101733,NED,47,644,27.51,R,188,100967,USA,96,367,0
25.92,L,188,101334,RUS,17,1382,22.6,R,188,101767,SWE,109,396,1
22.92,R,183,103507,ESP,4,2835,27.39,L,183,102644,ARG,79,519,1
29.52,R,180,100782,PER,136,251,23.93,R,175,101354,CAN,139,245,1
19.98,R,188,101945,FRA,250,98,25.27,R,188,101251,FRA,284,80,0
21.61,L,175,102701,CHI,11,2143,25.37,R,183,102035,SWE,25,1431,1
24.76,R,185,103898,FRA,48,764,30.97,L,175,102667,JPN,368,89,1
25.41,R,183,104597,ESP,14,2160,30.67,R,185,103565,FRA,124,460,1
27.33,R,180,102227,ARM,83,511,24.06,R,190,102856,BRA,3,3358,0
23.37,R,185,104338,ARG,25,1115,21.19,L,185,104745,ESP,2,5605,1
24.16,R,185,103171,NED,81,467,30.74,R,185,101965,RSA,47,800,1
22.11,R,185,101920,AUS,54,628,25.7,R,185,101412,JPN,152,271,0
29.07,L,185,104745,ESP,10,3135,27.5,L,188,105064,BRA,42,1065,1
26.97,L,188,102259,FRA,48,813,26.79,R,170,102286,ZIM,118,332,1
28.22,R,190,104312,ITA,30,1220,25.68,R,188,104797,UZB,43,982,1
18.02,R,198,100644,GER,119,468,33.86,R,178,103794,GER,43,990,1
21.1,R,185,102437,ROU,56,693,24.65,R,188,101843,ESP,13,1908,0
26.09,R,190,104154,CHI,91,857,31.06,R,180,103169,ESP,69,1004,1
29.2,R,188,103888,USA,16,2121,31.38,R,175,103451,GER,92,566,1
31.37,R,185,101463,GER,86,546,26.3,R,183,102205,CAN,98,502,0
29.23,R,178,101938,POR,352,80,29.06,R,185,101965,RSA,20,1243,0
28.8,L,185,103035,ITA,81,509,29.16,R,188,102967,FRA,115,378,0
24.34,R,178,105453,JPN,12,2440,30.92,R,188,104198,ESP,38,1073,1
28.75,R,188,101481,ITA,122,362,19.35,R,180,103060,MEX,127,342,1
20.7,R,196,102882,AUS,13,1820,27.18,R,190,101745,BRA,271,146,1
23.91,R,185,104755,FRA,68,715,22.53,R,185,105041,SVK,72,676,1
28.09,L,180,101150,ITA,68,561,24.91,R,183,101510,SWE,22,1227,1
29.93,R,188,101123,GER,117,404,25.07,R,180,101703,FRA,136,333,0
32.02,R,193,104117,ECU,307,154,27.09,L,188,105064,BRA,73,693,0
29.32,R,190,104312,ITA,26,1440,28.47,R,183,104468,FRA,17,1985,0
29.65,R,183,103602,CHI,11,2835,25.61,R,193,104417,SWE,7,4245,0
27.49,L,180,101404,AUT,17,1593,29.19,R,188,101222,SWE,16,1786,0
23.63,R,180,102563,SWE,18,1619,28.34,R,198,101774,USA,21,1541,0
24.78,R,188,103808,ITA,77,517,23.04,R,185,104160,CZE,80,500,1
22.39,R,163,105676,BEL,61,752,21.8,R,188,105807,ESP,228,200,0
27.05,R,190,103401,CZE,104,408,22.76,R,173,104262,ITA,143,309,1
23.74,R,183,101421,FIN,60,526,27.03,R,175,101063,ESP,49,616,0
31.79,R,188,102565,GER,107,398,24.09,R,185,104098,RUS,21,1190,0
23.41,R,185,103819,SUI,1,6335,31.33,L,193,102257,GBR,46,805,1
19.55,R,183,102694,GER,140,320,23.26,R,183,102035,SWE,22,1185,0
24.56,R,188,101767,SWE,100,468,24.72,R,196,101735,AUS,40,881,1
25.68,R,188,105449,USA,47,985,28.27,R,178,104926,ITA,32,1165,0
32.39,R,203,104731,RSA,8,3640,31.38,R,188,104925,SRB,3,6445,0
23.75,L,188,103852,ESP,33,1055,25.71,R,175,103451,GER,103,394,1
23.49,R,178,101889,AUS,135,336,24.08,R,188,101797,NED,39,862,0
25.86,R,183,104035,USA,104,436,31.78,R,188,102839,ECU,69,554,0
28.8,R,180,103110,ITA,67,566,25.27,L,185,103813,FIN,17,1340,0
28.79,R,178,101382,URU,77,619,25.86,R,190,101775,DEN,106,458,1
23.37,R,190,104947,TUR,93,570,24.07,R,183,104813,SLO,127,438,0
23.78,R,185,104338,ARG,23,1350,26.97,R,168,103694,BEL,55,616,1
24.18,L,185,103813,FIN,42,852,31.56,R,188,102344,SVK,146,292,1
29.87,R,185,100763,USA,16,1208,23.03,L,183,101490,ARG,156,198,1
30.37,R,183,103429,AUS,78,598,28.09,R,188,103888,USA,55,790,0
22.31,L,180,101543,USA,110,323,25.12,R,183,101226,SWE,169,181,1
29.91,R,180,100757,SWE,34,753,20.98,R,196,101761,BRA,82,432,1
30.52,R,185,101179,FRA,115,417,24.7,R,173,101937,RSA,338,89,1
30.42,R,178,104349,POR,280,162,29.55,R,190,104505,RUS,217,224,1
28.87,R,185,101948,USA,3,3261,22.22,R,180,103166,BLR,237,140,1
30.15,R,183,105062,KAZ,89,638,25.75,R,172,106000,BIH,29,1490,0
23.18,R,193,105154,BRA,110,500,24.32,R,190,104898,NED,53,886,0
21.11,L,193,102257,GBR,81,568,23.09,L,193,101964,CRO,2,3420,0
21.11,R,188,102839,ECU,89,529,24.15,R,183,102247,ITA,84,561,0
27.02,R,180,103857,RUS,71,580,21.65,R,188,104871,FRA,81,532,1
20.26,R,201,101820,SUI,23,968,24.31,R,188,101298,SWE,12,1335,1
27.06,L,183,103823,GER,87,517,26.89,R,183,103868,ESP,71,585,0
22.58,R,180,101772,RUS,29,925,24.49,R,178,101507,ESP,65,586,1
22.3,R,183,102434,USA,62,741,23.55,L,190,102202,DEN,69,691,1
25.71,R,183,104068,USA,59,630,27.9,R,183,103602,CHI,14,1405,0
33.62,R,175,103970,ESP,7,4305,30.63,R,183,104527,SUI,4,6500,0
28.09,R,183,100809,ESP,32,573,24.26,R,188,101222,SWE,2,2891,1
27.12,R,168,103694,BEL,71,526,25.92,R,175,103970,ESP,4,2695,0
31.56,L,188,101185,AUS,71,640,22.06,R,180,102563,SWE,38,1068,0
22.19,R,188,102093,CZE,76,605,24.16,R,183,101792,CZE,26,1081,1
21.66,R,188,104198,ESP,90,457,23.41,R,183,103835,ITA,43,850,0
20.57,R,183,102434,USA,59,661,24.15,L,190,101833,AUS,108,441,1
25.99,L,188,104547,ARG,113,493,31.44,R,190,103470,USA,84,602,1
27.8,R,188,104198,ESP,26,1345,24.85,R,203,104731,RSA,40,1058,0
23.49,R,183,104468,FRA,29,1030,22.02,R,185,104755,FRA,10,1610,0
29.12,R,185,102179,FRA,73,551,28.87,R,185,102223,MAR,222,163,1
22.83,R,183,103581,BRA,80,511,24.38,R,175,103292,ARG,29,1110,1
23.41,R,180,104665,ESP,123,614,29.36,R,183,103506,ARG,57,1036,0
32.43,R,180,102563,SWE,68,544,27.88,R,183,103454,CHI,66,556,1
23.73,R,183,103581,BRA,46,814,19.8,R,180,104379,AUS,128,304,0
25.42,R,170,103294,BEL,133,295,28.75,R,190,102642,FRA,79,496,1
20.17,R,188,105777,BUL,59,833,27.33,R,193,104330,USA,272,176,0
27.44,R,188,101123,GER,130,323,24.95,L,180,101404,AUT,16,1396,0
19.15,R,185,105095,KAZ,66,555,27.9,R,185,103373,ARG,83,490,1
26.26,L,190,101096,RSA,72,476,19.1,R,175,102021,USA,12,1364,1
26.55,R,188,105449,USA,25,1520,27.81,R,173,105216,JPN,107,581,1
27.37,R,185,104332,GER,80,665,32.44,R,208,103333,CRO,125,442,0
27.93,R,185,102025,SWE,79,499,23.25,R,196,102882,AUS,17,1304,0
23.5,R,183,101865,CAN,182,232,21.08,R,183,102247,ITA,24,1211,0
20.19,R,201,101820,SUI,21,968,24.39,R,193,101284,SWE,250,92,0
21.64,R,185,101793,USA,2,3397,26.46,R,175,101195,ISR,31,1027,1
20.3,L,175,102701,CHI,16,1392,25.66,R,185,101793,USA,9,2188,1
27.72,R,168,103694,BEL,110,442,24.52,R,196,104339,CRO,31,1030,0
25.88,R,185,104755,FRA,18,1735,24.35,L,188,105064,BRA,69,680,1
26.04,R,188,104542,FRA,22,1445,23.06,R,183,105137,ESP,76,676,1
21.94,L,183,101532,ESP,88,381,22.5,R,175,101462,ESP,129,257,0
26.47,R,190,102338,RUS,5,2802,28.67,R,196,101990,NED,24,1148,1
26.65,R,180,104386,SRB,51,935,28.46,R,188,104053,USA,8,3325,0
24.41,R,190,104868,GBR,187,279,28.16,L,193,104180,LUX,81,640,0
30.09,R,180,103722,FRA,79,625,25.19,R,180,104665,ESP,69,751,0
29.96,R,180,103722,FRA,75,631,32.79,R,173,103188,USA,107,506,0
22.81,R,188,104053,USA,4,3590,30.24,R,180,102563,SWE,22,1313,1
21.78,R,183,104068,USA,36,850,21.89,R,188,104053,USA,2,4945,0
28.39,R,185,103484,USA,8,1985,22.67,R,196,104607,CZE,12,1460,0
24.38,R,193,104792,FRA,12,2560,22.33,R,193,105217,NED,47,950,1
23.41,R,185,103484,USA,27,1155,22.09,R,188,103758,USA,40,872,1
22.56,R,185,103898,FRA,72,546,34.2,R,180,101736,USA,10,1905,0
29.82,R,178,104926,ITA,40,1025,27.97,R,185,105311,POR,35,1115,1
29.24,L,173,103534,FRA,96,724,32.86,R,188,102839,ECU,121,630,1
23.49,R,185,104593,ESP,89,946,30.46,R,175,103252,ESP,92,936,1
26.48,R,193,101026,USA,67,494,24.63,R,188,101235,NED,55,544,0
22.08,R,175,101511,AUT,21,1004,18.58,R,175,102021,USA,13,1285,0
23.13,R,185,101924,ITA,46,769,23.27,R,185,101901,USA,60,675,0
25.17,R,188,102106,ITA,93,488,29.01,L,183,101532,ESP,35,1066,0
26.21,R,188,103888,USA,94,440,25.49,R,188,104053,USA,6,2120,0
30.67,R,183,100618,USA,105,267,24.43,L,185,101205,CAN,82,327,0
19.1,R,180,102610,ESP,74,589,24.13,R,196,101761,BRA,171,253,1
24.66,R,196,104607,CZE,17,2055,22.9,L,198,104958,AUS,133,391,1
22.03,R,193,101529,GER,67,507,29.22,R,185,100763,USA,9,1479,1
29.89,R,190,104252,GER,47,905,24.09,L,183,105385,USA,157,337,1
31.27,R,188,104925,SRB,6,4445,32.19,R,185,104755,FRA,25,1535,1
31.37,R,190,101414,GER,75,638,28.93,R,180,101736,USA,12,2071,0
26.78,R,185,103860,FIN,503,52,25.19,L,193,104180,LUX,119,405,0
24.3,L,180,101897,BRA,54,748,27.32,R,185,101463,GER,41,869,0
26.46,R,183,103602,CHI,9,2015,18.31,R,198,105223,ARG,73,515,1
22.55,R,188,102093,CZE,106,454,23.21,R,196,101990,NED,16,1569,0
27.14,R,188,105449,USA,30,1345,29.13,R,175,105065,USA,162,358,1
28.38,R,190,102571,FRA,100,376,29.97,L,193,102257,GBR,90,417,1
31.14,R,180,102563,SWE,14,1490,24.34,R,185,103908,FRA,38,860,0
23,R,185,101793,USA,2,3845,25.02,R,178,101507,ESP,93,476,1
20.95,L,190,102110,CAN,232,141,20.44,R,185,102184,GER,75,545,1
24.04,R,178,104523,POR,70,1011,28.36,R,175,103656,ESP,35,1569,0
24.9,R,185,101412,JPN,64,552,21.49,R,188,101890,USA,89,438,0
24.78,R,178,104259,GER,37,910,23.95,R,193,104417,SWE,45,850,1
30.7,R,183,103454,CHI,99,536,24.88,R,193,104592,SRB,152,328,0
30.1,R,190,102811,SRB,374,85,26.9,R,190,103428,ARG,44,820,0
29.45,L,190,101885,AUS,102,392,30.34,R,196,101735,AUS,84,509,1
22.58,R,198,105223,ARG,46,1015,22.91,R,180,105155,POR,488,65,1
21.32,R,180,101772,RUS,20,1124,26.06,R,180,101191,USA,30,819,1
20.93,R,188,101584,USA,641,10,25.34,R,185,101080,USA,71,313,0
23.79,L,193,102257,GBR,27,1222,28.02,R,188,101611,FRA,44,949,0
28.7,R,188,101235,NED,39,873,26.94,R,190,101414,GER,3,2980,0
24.54,R,185,103598,BEL,46,808,30.54,R,183,102434,USA,21,1270,1
30.17,R,185,103565,FRA,78,668,26.41,R,190,104312,ITA,70,700,0
24.68,L,190,101833,AUS,119,392,23.73,R,196,101990,NED,13,1890,1
21.05,R,183,104468,FRA,123,365,30.82,R,180,102563,SWE,13,1645,0
23.27,R,168,103694,BEL,72,534,25.49,R,196,103280,NED,17,1365,0
22.46,R,196,101990,NED,16,1443,22.21,R,185,102025,SWE,226,158,0
23.08,R,173,103096,FRA,18,1360,27.36,L,193,102257,GBR,65,625,1
20.22,R,188,102344,SVK,106,421,23.26,R,178,101862,VEN,100,441,1
22.36,R,185,105011,UKR,119,455,28.63,R,178,103786,RUS,6,4930,0
26.69,R,188,103888,USA,35,955,24.76,L,188,104269,ESP,13,1425,1
24.45,R,188,105777,BUL,28,1360,29.8,R,193,104660,UKR,62,780,1
27.11,R,188,102539,CZE,43,850,23.85,R,175,103206,FRA,8,2260,0
21.91,R,190,104918,GBR,4,8840,27.86,R,178,103786,RUS,9,3735,1
23.98,R,183,103580,AUT,128,313,30.69,L,185,102269,USA,109,371,1
23.24,R,190,102029,BEL,143,278,21.85,R,183,102250,POR,209,176,1
20.34,R,190,101900,SWE,64,517,21.02,R,185,101793,USA,5,2463,0
27.34,R,180,104386,SRB,13,2245,30.28,R,188,103808,ITA,53,870,1
25.4,R,175,101746,ITA,40,839,23.84,R,196,101990,NED,15,1593,0
31.01,R,180,100923,AUS,39,847,26.31,L,190,101434,CZE,12,1951,0
20.95,R,175,101746,ITA,65,523,25.92,R,180,101142,ESP,14,1248,1
25.46,R,180,101473,HUN,181,222,25.67,R,178,101439,ESP,34,947,0
26.48,R,185,101249,RUS,115,363,27.26,R,185,101154,AUS,86,464,1
25.14,R,188,104714,GER,94,555,25.28,R,193,104678,SRB,15,1840,0
24.44,R,178,105453,JPN,12,2645,27.77,R,193,104792,FRA,20,1660,1
25.87,R,193,102854,NED,23,1395,24.27,R,185,103174,ISR,122,334,0
25.53,R,175,102548,CRC,96,422,22.06,R,175,103252,ESP,63,634,0
20.88,R,188,104897,GER,198,211,27.63,L,193,103582,GER,61,568,0
24.69,R,163,105676,BEL,14,2090,32.01,R,180,104229,TPE,88,569,1
26.13,R,188,102839,ECU,29,1130,32.52,R,193,101723,SWE,174,213,0
28.36,L,190,102110,CAN,218,166,25.4,L,183,102644,ARG,14,1598,1
22.78,R,183,104724,ARG,52,1342,25.84,R,190,104154,CHI,102,896,0
28.08,R,188,104797,UZB,51,860,23.39,R,188,105777,BUL,10,3710,0
24.83,R,178,105453,JPN,7,4355,32.57,R,175,103970,ESP,6,4465,1
29.36,L,183,101733,NED,45,928,27,R,188,102104,NOR,56,775,0
26.5,R,183,103017,GER,58,616,28.87,R,188,102539,CZE,246,142,0
20.2,R,185,104467,ALG,456,56,22.8,R,190,103997,POL,204,207,0
25.29,R,190,101888,CZE,34,1080,25.79,R,188,101809,VEN,75,646,0
19.15,R,188,102344,SVK,236,140,22.83,R,188,101767,SWE,96,432,1
29.35,R,185,103484,USA,16,2470,24.11,R,178,104523,POR,68,1011,1
27.63,R,185,104755,FRA,9,3050,22.2,R,203,105874,FRA,249,186,1
24.53,R,198,101774,USA,10,2249,29.35,R,185,101179,FRA,111,449,1
28.71,R,183,100972,USA,99,410,21.3,R,188,101890,USA,101,406,0
28.23,R,196,101735,AUS,37,1034,23.82,R,180,102456,ESP,12,1961,0
22.97,R,183,103176,ESP,92,431,28.22,R,185,102167,ESP,148,269,1
33.02,R,185,103908,FRA,93,570,31.26,R,178,104259,GER,24,1415,0
27.37,R,188,100855,USA,52,357,26.27,R,188,100967,USA,78,275,1
28.57,R,180,101191,USA,35,903,24.3,L,173,101686,ARG,93,460,0
25.28,R,190,104719,ESP,45,978,28.03,R,185,104214,RUS,78,675,1
25.64,R,188,101565,RSA,349,91,22.99,R,185,101965,RSA,14,1769,0
25.19,R,185,101249,RUS,103,358,26.29,R,180,101117,GER,70,521,1
24.54,R,185,104332,GER,125,383,27.04,L,188,103852,ESP,45,815,1
22.86,R,193,106071,AUS,24,1465,29.2,R,185,104755,FRA,12,2240,0
24.41,L,185,101205,CAN,81,310,28.06,R,178,100810,USA,59,404,1
30.59,R,173,103096,FRA,72,562,36.33,R,183,102035,SWE,188,223,0
27.15,R,185,101249,RUS,52,677,20.14,L,190,102202,DEN,41,737,1
26.2,R,178,103786,RUS,5,3195,25.36,R,175,103970,ESP,15,1565,1
24.07,R,175,101462,ESP,65,542,22,R,196,101735,AUS,97,375,1
24.38,R,183,103151,ARG,43,854,26.26,R,185,102770,NED,175,210,0
22.92,R,185,104433,CAN,69,542,27.58,R,193,103498,RUS,25,1155,0
29.36,R,183,104620,ITA,53,856,24.14,R,196,105683,CAN,6,4980,1
27.62,R,180,100896,PUR,187,146,23.89,R,183,101312,USA,116,304,0
25.88,R,175,103252,ESP,65,631,22.83,R,183,103835,ITA,51,710,1
30.51,L,180,101404,AUT,30,1258,24.87,R,185,102223,MAR,55,823,1
30.23,R,178,104259,GER,22,1525,28.7,L,188,104547,ARG,66,710,1
22.6,R,188,101843,ESP,5,2661,21.5,R,175,102021,USA,7,2141,0
25.18,R,193,101723,SWE,10,2222,24.36,R,188,101843,ESP,7,2663,0
25.4,R,190,102338,RUS,4,3212,25.37,R,188,102344,SVK,13,2292,0
31.52,R,206,104545,USA,27,1430,24.1,R,185,106058,USA,24,1540,1
21.26,R,178,104259,GER,102,423,22.38,R,188,104053,USA,2,3655,0
27.46,R,188,101133,GER,110,372,27.3,R,185,101154,AUS,85,461,1
26.29,R,188,103709,DEN,81,499,23.79,R,180,104229,TPE,104,408,1
21.05,R,185,103598,BEL,44,824,28.61,R,185,102158,AUS,7,2345,0
19.12,L,185,104745,ESP,3,3750,27.14,R,183,103204,USA,167,250,1
24.33,R,188,101843,ESP,7,2328,25.05,R,196,101735,AUS,31,970,1
31.18,L,190,101098,FRA,31,985,23.97,R,183,102035,SWE,33,974,0
30.96,R,185,101948,USA,15,1600,26.57,R,180,102703,KOR,94,426,1
27.58,R,193,104019,BEL,112,485,29.55,L,193,103582,GER,66,653,0
26.94,R,190,105208,LAT,87,585,21.93,R,185,106233,AUT,18,1655,1
24.15,R,173,103821,THA,144,295,23.08,R,183,104056,CRO,155,264,0
27.4,R,183,103176,ESP,116,370,23.67,R,185,103908,FRA,54,733,0
26.19,R,175,105575,LTU,89,665,22.99,R,185,106233,AUT,10,3205,0
24.74,R,185,101793,USA,13,1978,23.77,R,188,101945,FRA,178,223,0
23.13,R,178,104926,ITA,86,615,28.13,R,173,104004,SWE,303,136,1
22.29,L,203,101868,BEL,339,70,21.95,R,190,101932,USA,107,400,1
25.82,R,185,103084,ARG,204,176,26.87,R,196,102882,AUS,15,1380,0
21.35,L,188,104269,ESP,45,813,22.56,R,188,104053,USA,3,3955,1
27.87,L,180,101276,ARG,151,263,28.75,R,185,101179,FRA,74,576,1
29.1,L,188,101185,AUS,34,904,23.79,R,188,101843,ESP,5,2774,0
28.56,L,180,101404,AUT,2,4454,19.62,R,193,102854,NED,65,676,1
19.82,R,185,102887,PAR,306,111,28.94,L,180,101404,AUT,3,3752,0
32.93,R,185,103285,CZE,25,1400,23.93,R,188,105053,COL,45,925,1
24.9,R,180,103632,PER,62,613,26.89,L,180,103264,ARG,11,1652,0
26.92,L,193,101362,FRA,113,404,23.07,L,180,101897,BRA,95,457,0
28,R,193,103344,CRO,7,2395,25.53,R,183,103835,ITA,52,687,1
23.46,R,188,102162,USA,56,799,19.84,R,188,102839,ECU,83,555,1
27.4,R,180,104655,URU,762,21,28.41,R,183,104468,FRA,18,1895,0
34.14,R,188,102967,FRA,127,449,30.48,R,175,103656,ESP,38,1110,0
25.96,R,193,101723,SWE,29,994,31.33,R,188,101084,SUI,41,868,0
31.67,R,188,104198,ESP,33,1155,28.98,R,193,104678,SRB,46,916,1
29.26,R,173,103188,USA,67,561,29.34,R,188,103163,GER,12,1910,0
21.46,R,175,102021,USA,9,1982,23.35,R,185,101727,AUS,56,639,1
26.46,L,183,101733,NED,38,1041,22.07,R,185,102450,GBR,32,1151,0
22.18,R,185,102765,FRA,34,1045,23.21,R,180,102563,SWE,50,831,0
24.88,R,168,101534,CZE,286,99,22.85,R,201,101820,SUI,21,1193,0
25.08,R,183,102434,USA,34,1121,21.66,R,173,103096,FRA,67,680,1
28.27,R,190,104719,ESP,28,1285,28.49,R,180,104665,ESP,71,736,0
29.42,L,180,101897,BRA,126,305,27.3,R,185,102223,MAR,34,968,1
23.5,R,175,103252,ESP,37,993,26.49,L,183,102644,ARG,56,660,0
30.79,R,193,102494,GER,84,466,27.71,R,180,103110,ITA,92,440,1
22.71,R,180,102456,ESP,16,1743,24.04,R,185,102223,MAR,60,781,1
29.31,R,185,103084,ARG,55,652,24.88,R,180,103990,ESP,6,2525,1
28.24,R,173,101687,USA,441,66,22.15,R,188,102730,SUI,154,293,1
28.5,R,175,102021,USA,24,1129,22.68,R,173,103096,FRA,35,941,0
21.03,R,185,103387,THA,90,453,25.8,R,185,102450,GBR,14,1597,0
26.38,R,183,101432,UKR,123,347,28.93,R,185,101154,AUS,151,256,0
26.65,R,180,101086,USA,31,785,20.47,R,188,101843,ESP,8,1623,0
20.54,R,185,101793,USA,26,919,21.05,R,180,101703,FRA,77,458,1
23.57,R,183,101589,FRA,32,875,21.11,R,185,101965,RSA,9,1763,1
23.44,R,201,101820,SUI,16,1513,23.68,R,183,101792,CZE,60,675,0
24.01,R,196,101806,GER,76,584,23.24,R,190,101932,USA,57,709,0
27.94,R,190,101120,CZE,17,1370,26.38,R,188,101298,SWE,79,525,1
18.88,R,185,105095,KAZ,102,418,28.1,R,185,103285,CZE,19,1340,0
31.41,R,180,100923,AUS,136,332,23.52,R,188,101890,USA,45,835,0
20.82,R,190,103428,ARG,54,710,22.22,R,180,103166,BLR,237,140,0
25.75,R,190,102845,ESP,19,1445,24.5,R,185,103084,ARG,17,1620,0
22.67,R,168,103694,BEL,49,733,22.33,L,183,103781,AUT,81,457,0
26.57,R,188,105053,COL,35,1118,28.2,R,190,104719,ESP,30,1250,1
28.68,R,175,105575,LTU,113,516,26.52,R,180,106045,USA,68,770,1
26.87,L,190,101833,AUS,169,255,23.56,R,180,102374,ESP,13,2275,1
31.55,R,193,103344,CRO,17,2120,23.39,R,190,104918,GBR,4,5035,1
26.49,R,185,101249,RUS,105,387,20.64,R,175,102021,USA,4,2400,0
20.74,R,185,102477,ARG,136,329,20.43,R,188,102539,CZE,61,688,0
21.23,R,193,105577,CAN,124,434,25,R,188,104804,ISR,182,289,1
22.19,R,193,101609,USA,12,1353,23.72,R,190,101414,GER,1,3786,0
25.01,R,183,103506,ARG,227,184,30.4,R,180,102456,ESP,97,433,1
23.29,L,188,103852,ESP,25,1185,23.41,R,185,103819,SUI,1,6335,0
26.05,R,198,102788,CZE,82,472,24.24,R,183,103151,ARG,52,730,0
27.14,R,180,101703,FRA,100,447,24.08,R,185,102184,GER,49,878,0
28.1,R,183,103429,AUS,84,500,26.31,R,178,103794,GER,78,518,1
26.28,L,188,105077,ESP,117,499,30.18,R,190,104312,ITA,33,1165,0
28.42,R,178,103786,RUS,7,4340,25.97,L,185,104268,COL,98,542,1
28.62,L,190,104999,GER,164,346,23.63,R,180,106045,USA,59,789,0
18.79,R,193,102446,UKR,9,2017,23.17,L,183,101733,NED,40,737,1
27.86,R,185,101948,USA,1,3548,22.62,R,196,102882,AUS,11,2296,1
24.74,L,180,101543,USA,73,546,22.32,R,190,101900,SWE,51,684,1
29.81,R,190,103401,CZE,59,1100,30.16,R,208,103333,CRO,24,1830,0
20.9,R,201,101820,SUI,35,797,17.55,R,190,102358,SWE,347,60,1
27.77,L,183,103823,GER,158,477,21.84,R,185,104979,KAZ,88,832,0
25.03,R,196,101735,AUS,31,970,23.67,R,190,101956,BAH,251,141,0
24.55,R,183,102247,ITA,61,766,21.26,R,185,102887,PAR,114,434,1
34.41,R,185,103819,SUI,3,8265,22.34,R,185,106233,AUT,20,1600,1
25.63,R,170,101430,CHI,158,258,27.85,R,185,101196,USA,64,585,1
23.93,R,180,102374,ESP,8,2551,27.58,R,185,101793,USA,37,1079,1
25.44,R,185,102987,BRA,65,629,22.21,R,183,103602,CHI,20,1493,0
23.12,R,190,101900,SWE,80,533,26.34,R,178,101439,ESP,23,1240,0
24.17,R,185,103898,FRA,122,340,23.48,R,188,104053,USA,3,2685,1
22.28,R,183,103103,SVK,24,1080,22.33,R,173,103096,FRA,59,686,1
31.69,R,185,101965,RSA,24,1185,28.45,R,193,102494,GER,102,393,1
31.67,L,188,101185,AUS,79,603,24.41,R,185,102158,AUS,25,1322,0
29.08,R,180,101124,ITA,168,224,23.73,R,183,101792,CZE,51,740,0
30.45,L,180,100631,USA,111,261,22.38,R,185,101422,RSA,168,158,0
19.59,R,193,103498,RUS,31,1239,27.49,R,185,102025,SWE,130,356,1
25.1,R,183,104527,SUI,23,1600,24.22,R,193,104678,SRB,39,1075,1
31.82,L,185,103813,FIN,42,945,35.13,R,188,103163,GER,14,2340,1
25.78,R,175,101061,USA,52,475,23.24,L,188,101334,RUS,92,317,0
28.57,R,190,103428,ARG,31,1025,23.85,R,183,104371,CZE,86,488,0
25.62,R,183,104620,ITA,126,451,26.65,R,185,104433,CAN,174,313,1
21.43,L,188,103852,ESP,64,613,20.82,R,180,103990,ESP,34,1020,0
25.25,R,185,104098,RUS,37,925,28.54,R,190,103428,ARG,28,1115,0
28.46,L,183,101733,NED,20,1652,25.05,L,188,102259,FRA,56,762,1
30.06,R,188,101235,NED,68,659,24.49,L,193,101964,CRO,6,3020,1
25.47,R,170,101409,PER,63,625,22.54,R,188,101809,VEN,124,346,1
26.02,R,188,103487,ITA,176,219,23.77,R,175,103970,ESP,14,1620,0
23.24,R,185,101901,USA,69,614,23.57,L,190,101833,AUS,145,297,0
24.57,R,185,103898,FRA,53,711,17.82,R,193,105217,NED,1055,7,0
28.26,R,180,101736,USA,11,2209,26.89,L,193,101964,CRO,16,1803,1
35.16,R,208,103333,CRO,53,902,29.39,R,196,104460,GER,86,620,0
24.64,R,190,105208,LAT,53,836,29.43,L,188,104269,ESP,35,1095,1
23.54,R,188,101843,ESP,3,2812,29.34,R,190,101120,CZE,51,738,1
24.85,R,188,104392,BRA,168,456,21.45,R,188,105053,COL,129,621,1
27.84,R,180,101147,SUI,100,427,19.86,R,190,102226,USA,196,185,1
28.48,R,193,103498,RUS,42,880,23.32,R,183,104527,SUI,10,1660,0
28.24,L,180,101150,ITA,84,521,24.75,L,183,101549,FRA,70,568,0
26.71,L,188,101185,AUS,86,444,26.56,L,185,101205,CAN,116,314,1
30.43,R,180,102563,SWE,14,1460,27.5,R,183,103151,ARG,72,515,1
24.95,R,190,101414,GER,9,1794,31.23,R,185,100763,USA,28,964,1
24.55,R,180,101582,AUT,103,458,23.25,R,180,101772,RUS,38,843,1
25.83,R,193,101776,AUS,94,512,27.67,L,190,101515,USA,199,197,1
21.1,R,193,102854,NED,57,771,23.59,R,190,102358,SWE,17,1899,0
30.11,R,193,101962,MAR,33,1023,26.17,L,183,102644,ARG,51,740,1
26.76,R,185,102450,GBR,11,1950,20.29,R,180,103720,AUS,6,2715,0
27.3,L,180,101543,USA,83,576,26.74,R,188,101611,FRA,32,978,0
24.5,R,190,104154,CHI,101,414,22.36,R,188,104559,RUS,94,437,1
29.65,R,183,102318,ROU,128,280,23.02,R,180,103632,PER,72,500,0
27.1,R,168,103694,BEL,62,561,31.15,L,175,102905,AUT,56,591,1
25.18,R,183,103507,ESP,58,685,23.58,L,188,103852,ESP,27,1155,1
32.07,L,185,103813,FIN,40,1050,31.69,R,188,103888,USA,173,280,1
22.72,R,188,102839,ECU,41,965,23.41,R,183,102694,GER,135,348,1
26.63,R,178,105453,JPN,7,4075,23.82,R,193,106071,AUS,21,1645,0
24.65,R,185,102450,GBR,7,2633,23.7,L,183,102644,ARG,44,931,1
27.26,R,178,101073,ARG,49,651,29.22,R,185,100870,RSA,62,520,1
21.21,R,175,102021,USA,10,1853,22.73,R,185,101793,USA,2,3517,0
25.5,R,193,101529,GER,2,3094,20.16,R,190,102338,RUS,41,833,0
25.76,R,188,101843,ESP,68,707,23.49,R,183,102205,CAN,121,391,0
22.9,R,183,103507,ESP,4,2740,24.84,R,183,103154,AUS,217,144,1
26.92,R,185,102450,GBR,8,2325,25.59,R,180,102703,KOR,63,634,1
28.77,R,183,102247,ITA,58,697,20.74,R,185,103819,SUI,11,1955,1
30.7,R,198,105023,USA,13,2130,33.22,R,183,104527,SUI,261,210,1
25.19,R,185,102158,AUS,3,3211,26.48,R,185,101965,RSA,38,1068,1
24.32,R,183,104620,ITA,109,494,22.4,R,185,105011,UKR,102,525,0
24.47,R,180,101377,SWE,40,744,23.95,L,190,101434,CZE,9,1570,1
25.71,R,180,103990,ESP,12,1705,26.1,R,188,103888,USA,43,685,0
28.13,R,183,104571,CYP,45,935,26.2,R,178,104926,ITA,16,2075,0
19.87,R,180,103720,AUS,7,2560,24.61,R,188,102796,SWE,4,3110,1
24.62,L,178,102401,AUS,46,884,25.37,L,193,102257,GBR,8,2568,0
26.77,R,193,104660,UKR,92,563,27.5,R,188,104542,FRA,7,4810,0
32.3,R,188,101235,NED,87,562,22.76,L,183,102652,GER,124,410,1
20.82,R,193,106401,AUS,33,1240,30.9,R,183,104527,SUI,4,5870,0
26.39,R,193,101609,USA,45,787,25.29,R,198,101774,USA,18,1282,0
29.1,R,183,101265,USA,53,765,26.8,R,193,101529,GER,8,2381,0
21.89,R,185,102887,PAR,69,661,25.3,R,178,102233,IND,87,529,1
27.98,R,183,101381,USA,46,809,31.27,R,193,101026,USA,106,436,1
18.27,R,188,104925,SRB,97,431,21.42,R,196,104339,CRO,24,1230,1
20.95,R,175,102655,VEN,164,248,25.04,R,185,101948,USA,1,4318,0
27.38,R,185,101214,USA,69,589,22.84,R,198,101774,USA,38,763,0
31.54,L,193,102257,GBR,42,860,29.99,R,180,102563,SWE,27,1163,0
29.4,R,178,104926,ITA,50,885,34.84,R,183,103893,ITA,38,1100,1
25.61,R,190,102845,ESP,29,1135,26.63,L,183,102644,ARG,51,760,1
31.03,R,175,103252,ESP,93,664,27.41,R,175,103970,ESP,19,1890,0
23.73,R,178,101642,BEL,112,374,23.41,R,190,101685,GER,142,305,0
22.2,R,175,105065,USA,295,152,33.54,R,190,102845,ESP,639,30,0
24.44,R,190,102856,BRA,2,4225,23.24,R,185,103084,ARG,195,194,1
29.93,L,185,104745,ESP,5,5675,21.03,R,193,106401,AUS,20,1795,1
24.25,L,175,103672,BRA,53,735,25.21,R,183,103490,ESP,74,525,1
21.41,R,190,104918,GBR,4,2995,27.18,R,185,103819,SUI,2,5930,1
24.7,R,178,103786,RUS,6,2355,27.16,R,170,103294,BEL,48,757,1
22.98,L,193,104180,LUX,71,563,29.71,R,188,102839,ECU,126,332,1
19.62,R,183,104597,ESP,98,421,26.54,L,180,103264,ARG,59,635,0
26.6,R,198,101774,USA,14,1840,32.83,R,193,101026,USA,209,186,1
23.92,R,180,102227,ARM,88,557,26.54,R,183,101816,USA,193,210,0
28.48,R,188,104925,SRB,1,15285,25.88,R,178,105453,JPN,8,4035,1
19.08,R,180,104386,SRB,149,265,27.13,R,190,102800,SRB,479,46,1
21.63,R,183,104022,RUS,55,625,26.1,R,183,103103,SVK,42,863,1
25.87,R,178,104926,ITA,31,1135,22.27,R,196,105683,CAN,16,2095,0
30.23,R,188,101084,SUI,71,617,23.16,R,196,101990,NED,17,1569,1
27.82,R,183,103017,GER,30,1070,23.3,R,175,103909,ARG,11,1915,0
22.8,R,175,103970,ESP,50,790,23.04,R,180,103900,ARG,9,1945,0
20.06,L,180,103714,SWE,46,800,24.94,R,185,102765,FRA,36,945,0
25.68,R,180,101681,GBR,126,371,22.97,R,188,102118,CZE,134,344,0
26.87,R,183,101788,USA,124,345,27.35,R,180,101703,FRA,81,597,0
25.16,L,190,102110,CAN,148,300,20.77,R,196,102925,USA,84,579,1
29.83,R,188,101123,GER,97,477,22.8,R,185,102047,FRA,279,127,1
25.42,R,188,101235,NED,47,615,23.46,R,185,101440,NED,50,595,0
24.41,R,185,101601,NZL,37,846,25.09,R,175,101511,AUT,59,646,1
27.48,R,185,104433,CAN,132,424,30.28,R,188,103888,USA,8,2910,0
22.35,R,180,101593,USA,124,306,24.2,R,170,101358,FRA,140,254,0
33.71,R,185,103285,CZE,37,1045,28.37,R,185,104338,ARG,11,2775,1
26.25,L,190,105373,SVK,44,990,28.39,R,188,104925,SRB,1,15785,0
33.45,R,193,101962,MAR,785,15,28.83,R,180,102783,GER,40,915,0
19.86,R,185,102184,GER,96,421,25.24,R,170,101409,PER,59,635,1
27.89,R,185,103898,FRA,49,879,25.63,R,185,104332,GER,81,585,1
23.49,R,188,103808,ITA,73,526,26.75,R,185,103171,NED,79,482,1
27.57,R,185,103676,USA,229,161,24.78,R,178,104259,GER,37,910,0
30.13,R,178,103999,BRA,138,381,24.4,R,185,105095,KAZ,435,78,0
18.54,R,180,102374,ESP,110,373,28.05,R,178,101073,ARG,150,258,1
26.78,R,180,101772,RUS,136,318,26.04,R,190,101888,CZE,51,859,1
25.93,R,180,102563,SWE,31,1020,23.64,R,196,103018,BLR,41,870,1
29.46,R,188,102106,ITA,55,687,28.82,L,190,102202,DEN,147,269,1
24.13,R,175,101242,USA,114,258,27.57,R,183,100864,CAN,121,241,0
18.44,R,198,105223,ARG,65,564,20.71,R,185,104755,FRA,16,1590,0
20.71,R,185,102437,ROU,176,226,29.58,L,188,101185,AUS,28,1006,0
21.95,R,175,101511,AUT,25,832,26.26,R,180,101030,CRO,58,520,0
24.26,R,183,104371,CZE,81,540,31.14,R,183,103017,GER,20,1225,1
26.72,R,183,101792,CZE,63,730,26.97,R,175,101746,ITA,61,746,1
32.74,L,188,103852,ESP,25,1455,28.07,R,180,104735,GER,90,607,1
26.92,R,178,101507,ESP,91,479,27.21,R,183,101475,ESP,53,718,0
24.02,L,175,102905,AUT,52,755,27.34,L,193,102257,GBR,73,575,0
24.04,R,178,105453,JPN,17,1915,23.54,R,180,105583,SRB,117,483,1
29.27,L,183,103781,AUT,15,2470,27.72,R,185,104098,RUS,481,62,1
31.2,R,190,104898,NED,43,1120,30.18,R,183,105138,ESP,16,2030,0
22.91,R,185,103819,SUI,1,5610,25.6,R,185,103285,CZE,72,550,1
25.54,R,183,103408,USA,245,159,31.79,L,190,102202,DEN,96,436,0
25.83,L,180,101404,AUT,13,1565,25.5,R,178,101439,ESP,38,815,1
25.16,R,190,101900,SWE,90,512,27.14,R,185,101601,NZL,59,789,1
33.88,R,198,101774,USA,63,589,21.73,R,188,104053,USA,2,4665,0
26.98,R,185,105539,RUS,95,558,35,R,180,103990,ESP,287,172,0
22.43,L,193,102257,GBR,41,883,24.5,R,185,101948,USA,2,4465,0
26.12,R,183,103503,CZE,70,553,27,R,193,103344,CRO,6,2295,0
21.54,R,183,104620,ITA,103,433,27.24,R,193,103498,RUS,26,1065,1
21.12,R,183,103017,GER,25,1312,26.93,L,193,101964,CRO,16,1870,0
23.36,R,190,102358,SWE,8,2148,26.95,R,178,101789,USA,151,284,1
28.12,R,180,103990,ESP,36,1155,29.17,R,185,103752,GER,67,728,0
25.71,R,188,103888,USA,40,790,24.3,R,183,104179,MEX,181,233,1
23.31,R,180,101772,RUS,40,836,27.76,R,188,101222,SWE,6,2514,0
29.07,R,185,103752,GER,60,750,26.11,R,185,104338,ARG,27,1425,0
27.26,R,188,101843,ESP,19,1654,25.36,R,178,102148,FRA,25,1438,0
22.49,R,190,101414,GER,3,2796,28.78,R,185,100763,USA,4,1639,1
21.8,L,183,101549,FRA,173,172,20.52,R,193,101723,SWE,84,400,0
22.69,R,178,101642,BEL,97,383,27.39,L,190,101098,FRA,7,1877,1
20.05,R,183,103835,ITA,145,277,27.86,R,188,102287,ESP,22,1270,0
24.73,R,183,104597,ESP,22,1665,29.22,R,180,103720,AUS,33,1335,1
25.67,L,190,105373,SVK,42,1060,29.63,R,196,104586,CZE,30,1230,0
24.53,R,188,101222,SWE,2,2783,18.97,R,185,101948,USA,15,1108,1
29.85,R,185,103565,FRA,63,720,21.48,R,198,105227,CRO,9,2935,0
27.96,R,188,101481,ITA,129,348,19.65,R,190,102845,ESP,40,917,0
27.38,R,183,103151,ARG,93,440,20.56,R,183,104468,FRA,132,329,1
27.65,R,180,102133,ITA,112,357,25.4,R,190,102533,GER,150,246,0
27.89,R,196,101990,NED,8,2313,25.62,R,190,102358,SWE,18,1645,0
29.65,R,193,104660,UKR,60,804,26.21,R,183,105357,AUS,72,701,1
27.12,R,185,101320,SWE,10,2091,26.46,L,180,101391,GER,101,465,1
26.26,L,190,101098,FRA,4,1927,26.61,R,175,101063,ESP,63,528,0
24.76,R,175,103252,ESP,60,665,22.91,R,183,103581,BRA,78,546,0
26.11,R,185,101948,USA,1,4585,24.73,R,185,102158,AUS,3,2889,1
19.48,R,178,101889,AUS,74,451,20.41,R,196,101735,AUS,25,867,1
25.5,L,190,105373,SVK,34,1133,28.92,R,193,104678,SRB,92,564,0
24.16,R,185,101965,RSA,9,2049,24.26,R,185,101948,USA,1,4811,1
31.8,R,185,103898,FRA,33,1185,28.21,R,196,104586,CZE,45,951,0
25.76,R,188,101890,USA,64,740,25.71,R,190,101900,SWE,70,687,0
24.36,L,190,101833,AUS,89,502,22.68,R,188,102104,NOR,75,580,0
32.3,R,183,104468,FRA,32,1255,33.24,R,185,104291,TUN,60,806,1
19.18,R,188,102521,GER,88,510,24.49,R,175,101647,ZIM,71,586,1
18.57,R,178,104259,GER,426,63,21.21,R,180,103720,AUS,1,4595,0
30.73,R,183,103017,GER,51,710,21.82,L,185,104745,ESP,2,5705,0
25.03,R,170,106043,ARG,33,1280,26.13,R,188,105807,ESP,19,2225,0
30.85,L,185,100936,FRA,49,746,27.85,R,183,101265,USA,62,661,1
22.22,R,188,101843,ESP,17,1462,24.31,L,183,101549,FRA,83,508,1
27.53,R,183,105137,ESP,221,226,29.8,R,180,104655,URU,38,1100,0
28.93,L,183,101532,ESP,50,860,23.47,R,180,102374,ESP,9,2284,0
33.56,R,178,103794,GER,40,973,29.24,R,183,104620,ITA,52,810,0
32.72,L,188,103852,ESP,29,1350,23.07,R,188,105777,BUL,13,2435,0
25.48,R,183,104597,ESP,13,2320,28.32,R,190,104076,ARG,256,184,1
26.45,R,193,103344,CRO,19,1360,30.04,R,190,102642,FRA,75,510,1
23.99,R,188,104053,USA,10,1890,22.78,L,188,104269,ESP,26,1115,1
23.34,R,193,106071,AUS,21,1675,28.46,R,185,105011,UKR,85,645,1
27.2,R,196,105332,FRA,24,1596,33.19,L,193,104180,LUX,36,1230,1
21.19,R,180,104386,SRB,125,352,30.04,R,190,102642,FRA,75,510,0
24.82,R,180,102950,ESP,52,715,27.67,L,188,102382,AUT,134,297,1
22.19,R,193,101609,USA,12,1353,21,R,178,101789,USA,184,175,1
21.95,R,185,106233,AUT,18,1655,26.1,L,190,105373,SVK,39,1100,0
21.57,R,185,102158,AUS,22,1294,27.15,R,170,101358,FRA,79,546,0
22.52,R,190,104719,ESP,52,732,23.34,R,183,104571,CYP,43,805,1
28.4,R,196,102925,USA,123,352,24.32,R,180,103720,AUS,2,3640,0
34.27,R,185,100529,USA,92,423,28.59,R,183,100972,USA,88,438,1
23.98,R,180,103990,ESP,15,1525,22.44,L,188,104269,ESP,32,965,1
28.43,R,173,101591,GBR,241,171,21.16,R,173,102831,ESP,139,323,0
21.13,R,183,104022,RUS,39,935,26.9,R,183,102860,ARG,19,1335,1
21.19,R,183,103507,ESP,10,2000,26.71,R,185,102437,ROU,138,284,1
21.78,R,178,103182,AUT,76,533,25.92,R,188,102344,SVK,26,1080,0
23.63,R,173,103444,MON,103,387,21.36,R,180,103900,ARG,13,1715,0
25.97,R,175,102021,USA,7,2742,27.78,R,180,101736,USA,71,672,0
25.38,R,178,102720,CZE,145,276,24.77,R,193,102854,NED,28,1033,0
18.04,R,193,102446,UKR,33,813,24.4,R,183,101475,ESP,12,1590,1
21.11,R,188,102839,ECU,89,529,24.24,R,173,102238,ESP,27,1314,1
30.31,L,185,104268,COL,75,682,23.42,L,190,105643,ARG,44,994,1
31.35,R,188,103163,GER,20,1855,30.45,R,208,103333,CRO,30,1390,1
31.06,R,178,102999,ITA,201,193,26,R,183,104022,RUS,17,1305,0
19.82,R,175,103206,FRA,127,314,24.65,R,183,102247,ITA,57,654,0
29.39,R,185,105311,POR,67,816,34.49,R,190,104312,ITA,50,996,0
25.97,R,193,103344,CRO,13,1575,23.58,R,185,103819,SUI,1,6050,0
33.25,R,180,101736,USA,1,3940,23,R,183,103602,CHI,14,1510,0
28.88,R,180,101736,USA,9,2376,21.19,R,183,103103,SVK,40,1016,0
21.96,R,183,101475,ESP,164,152,19.76,R,180,101772,RUS,68,348,1
22.55,R,185,104755,FRA,23,2320,27.7,R,188,103758,USA,865,28,1
26.74,R,170,101409,PER,25,1215,29.08,L,180,101150,ITA,121,374,1
23.98,R,201,101820,SUI,16,1486,22.69,R,175,102021,USA,9,2466,1
21.84,L,185,103813,FIN,34,960,25.71,R,180,103047,FRA,163,214,1
26.53,R,180,101703,FRA,76,629,24.45,R,190,102029,BEL,49,823,1
27.93,L,193,102257,GBR,29,1155,27.36,R,190,102369,FRA,57,670,1
35.64,R,183,103893,ITA,38,1123,22.28,R,193,106401,AUS,24,1680,0
32.12,L,190,101098,FRA,100,470,24.93,R,190,102029,BEL,112,397,0
21.54,R,193,103498,RUS,3,3240,19.29,R,180,103990,ESP,39,908,1
27.11,R,175,103656,ESP,45,681,27.64,L,190,103566,FRA,54,619,0
21.33,R,178,104259,GER,66,578,24.57,R,185,103598,BEL,35,978,0
21.78,R,173,102238,ESP,7,2479,23.57,L,193,101964,CRO,9,2394,0
21.84,R,185,104979,KAZ,88,832,28.25,R,180,103720,AUS,48,1190,0
25.45,R,193,104660,UKR,46,995,32.25,R,193,103344,CRO,33,1210,0
22.69,R,196,103018,BLR,68,629,26.52,L,193,102257,GBR,18,1266,1
24.9,R,183,103835,ITA,58,665,26.04,R,185,103594,AUT,87,474,1
33.3,R,185,104467,ALG,617,43,34.48,R,178,104259,GER,34,1380,1
25.08,R,183,104527,SUI,26,1510,23.89,L,185,104745,ESP,3,6480,0
25.43,R,178,101073,ARG,13,1031,24.96,R,190,101120,CZE,66,343,1
28.48,R,175,101061,USA,175,213,25.57,R,185,101375,USA,401,46,1
20.42,L,175,102701,CHI,10,2079,26.95,R,188,101611,FRA,19,1284,0
30.09,R,175,103970,ESP,6,4280,33.44,R,185,103285,CZE,26,1340,1
32.36,R,183,104468,FRA,32,1165,35.63,L,188,103852,ESP,38,1045,0
24.87,R,185,101463,GER,57,662,29.76,R,180,100923,AUS,30,918,0
23.64,R,193,101529,GER,5,2393,21.28,R,188,101864,NED,184,171,1
27.82,L,183,101532,ESP,24,1307,28.57,L,190,101434,CZE,46,855,0
20.82,R,178,102148,FRA,60,628,27.67,R,188,101230,RUS,28,1059,0
28.58,L,180,103714,SWE,272,188,28.16,R,198,103812,ROU,28,1286,0
27.09,R,188,105807,ESP,13,2290,31.35,R,190,104898,NED,55,930,1
26.38,R,180,105238,UKR,65,760,32.9,R,180,103990,ESP,18,1800,1
28.94,R,196,104607,CZE,7,4060,33.5,R,180,103720,AUS,41,1050,1
22.72,R,183,101660,USA,107,377,24.48,R,178,101439,ESP,29,995,1
24.66,L,185,103813,FIN,24,1425,26.23,R,185,103484,USA,9,1880,0
26.49,R,183,105062,KAZ,63,787,28.05,L,185,104745,ESP,1,12500,0
23.06,R,193,105577,CAN,89,601,29.41,R,185,104308,POL,102,549,1
24.75,R,185,103819,SUI,1,7160,20.71,R,183,104597,ESP,54,714,1
29.36,R,180,101191,USA,54,717,24.6,R,198,101774,USA,16,1564,0
26.69,R,190,101414,GER,11,2072,23.18,R,188,101917,RSA,109,434,1
23.4,R,188,101611,FRA,37,804,26.75,R,188,101233,AUT,102,398,1
30.67,R,188,101235,NED,29,1223,28.01,R,193,101529,GER,20,1480,0
36.1,R,180,100437,SWE,1015,3,28.81,R,190,100962,SWE,157,225,0
27.14,R,183,101475,ESP,65,636,27.78,L,180,101391,GER,94,466,1
32.06,R,183,103017,GER,128,535,21.57,L,188,105064,BRA,119,571,0
23.12,R,173,102524,RSA,213,189,25.53,L,190,102110,CAN,97,493,0
24.61,R,196,104976,USA,78,656,32.15,R,185,103484,USA,61,769,1
25.97,R,168,103694,BEL,36,910,22.78,R,185,104338,ARG,71,529,0
27.02,R,180,103240,USA,78,511,22.82,R,183,104068,USA,60,630,0
21.05,R,188,104925,SRB,3,5225,25.76,R,183,104056,CRO,112,417,1
24.71,R,185,104433,CAN,126,621,26.51,R,185,104098,RUS,27,1690,0
26.7,R,180,101772,RUS,134,328,29.79,R,170,101358,FRA,207,203,0
22.35,L,180,101391,GER,16,738,24.33,R,185,101179,FRA,60,335,1
30.18,R,183,103017,GER,168,255,25.36,R,180,103990,ESP,11,1875,0
25.86,R,180,102783,GER,40,950,27.44,R,180,102456,ESP,33,1045,1
24.8,R,201,101820,SUI,12,1916,27.76,R,190,101414,GER,4,3114,0
25.79,L,183,101549,FRA,96,482,25.28,R,188,101611,FRA,25,1120,0
22.64,R,185,104214,RUS,26,1255,26.19,R,185,103484,USA,14,1565,0
31.2,R,188,104542,FRA,12,2725,31.17,R,206,104545,USA,17,2055,1
28.1,R,185,103285,CZE,19,1340,18.88,R,185,105095,KAZ,102,418,1
26.56,R,196,104025,BIH,127,728,27.74,R,188,103758,USA,728,48,1
23.51,R,183,101421,FIN,72,504,19.85,R,185,101948,USA,9,1613,0
24.62,R,188,102521,GER,112,422,20.59,R,185,103324,FRA,49,867,1
25.25,R,185,103908,FRA,56,655,24.81,R,193,104019,BEL,52,675,0
23.4,R,175,103206,FRA,8,2225,24.96,R,196,102882,AUS,49,800,1
27.82,R,183,102035,SWE,76,518,29.79,R,185,101727,AUS,81,469,1
24.27,R,170,101358,FRA,83,426,26.42,R,188,101123,GER,77,443,1
26.73,R,180,100923,AUS,33,496,29.71,R,193,100676,FRA,9,1079,1
21.08,L,188,103852,ESP,66,630,28.63,R,188,102344,SVK,79,495,0
22.77,R,178,103786,RUS,54,685,24.67,R,190,103401,CZE,171,217,0
31.89,R,193,103344,CRO,15,1965,25.64,R,183,104571,CYP,20,1580,1
29.74,R,188,103077,GRE,153,281,18.05,L,190,105373,SVK,459,60,0
24.34,R,183,103835,ITA,32,910,29.43,R,178,102834,USA,66,564,0
20.76,R,175,102655,VEN,211,183,28.15,R,183,101475,ESP,36,980,0
31.78,R,175,101746,ITA,180,212,24.64,R,196,103018,BLR,38,985,0
29.76,R,175,103656,ESP,23,1600,26.54,R,185,104308,POL,90,602,1
22.95,R,188,102466,SVK,93,484,27.12,R,185,101793,USA,24,1382,0
25.63,R,183,104022,RUS,8,1845,22.65,R,183,104571,CYP,17,1505,0
22.23,R,188,102539,CZE,26,1313,20.53,R,196,102882,AUS,21,1479,0
28.97,R,196,104586,CZE,42,970,25.29,R,185,105311,POR,35,1122,1
23.73,R,180,101613,USA,18,1353,26.7,R,183,101265,USA,180,216,1
27.33,R,180,102783,GER,8,2270,25.01,R,175,103252,ESP,63,593,1
25.69,R,183,105992,USA,45,1115,29.3,R,198,105227,CRO,6,3805,0
22.82,R,185,104433,CAN,109,393,24.61,R,185,104098,RUS,27,1080,0
22.49,R,190,101414,GER,3,2796,19.88,R,180,101772,RUS,59,437,1
20.28,R,168,103694,BEL,75,580,27.75,R,183,102247,ITA,122,323,1
20.99,R,201,101820,SUI,62,527,21.59,R,185,101727,AUS,77,466,1
20.9,L,183,105173,FRA,126,616,27.07,R,180,103990,ESP,17,2370,0
23.03,R,183,104122,ARG,78,503,31.17,R,193,102494,GER,107,381,0
20.93,R,185,101793,USA,5,2181,25.74,R,185,101196,USA,23,1013,1
26.39,L,180,101404,AUT,11,2029,19.87,R,180,102374,ESP,74,577,1
20.29,R,183,103507,ESP,16,1381,29.79,R,183,101792,CZE,55,729,1
30.49,R,178,104259,GER,25,1510,28.99,R,188,104542,FRA,12,2550,0
25.2,R,185,103898,FRA,46,757,27.18,R,185,103484,USA,6,2585,1
26.91,R,188,101235,NED,31,917,25.3,L,180,101404,AUT,18,1323,0
25.34,R,180,104386,SRB,46,910,23.15,R,193,104792,FRA,15,2125,1
22.05,R,185,104755,FRA,15,1310,22.95,R,196,104586,CZE,188,211,1
31.73,R,185,103285,CZE,30,1320,24.53,R,193,104678,SRB,45,980,0
18.87,L,180,103714,SWE,98,377,29.1,R,175,101826,ESP,116,333,1
25.81,L,180,101543,USA,117,412,24.57,R,180,101703,FRA,89,521,1
24.35,R,196,103325,RSA,150,244,32.62,R,201,101820,SUI,104,373,1
29.84,R,185,103898,FRA,55,863,29.33,R,183,104022,RUS,33,1165,0
25.13,R,185,101924,ITA,80,580,23.43,R,185,102179,FRA,382,70,1
19.74,R,185,101793,USA,16,1007,20.34,L,173,101686,ARG,44,521,1
22.18,R,185,101948,USA,1,3925,24.34,R,188,101611,FRA,10,1954,1
23.14,R,185,104338,ARG,47,730,26.68,R,180,103632,PER,82,485,1
25.65,R,188,101843,ESP,65,739,26.42,L,190,101731,POR,121,386,1
25.89,R,190,101174,BRA,129,292,26.26,R,183,101126,CAN,182,166,0
28.11,R,173,101119,SVK,301,90,22.88,R,196,101761,BRA,34,773,0
26.49,R,193,102446,UKR,57,730,21.08,R,193,103498,RUS,2,4265,0
31,R,190,102845,ESP,17,1445,23.86,R,178,104259,GER,38,825,1
27.78,R,183,104468,FRA,18,1860,23.92,R,180,105238,UKR,20,1770,0
15.9,L,185,104745,ESP,762,14,25.45,R,185,102887,PAR,81,490,1
28.19,L,180,101543,USA,82,584,21.31,L,175,102667,JPN,260,146,1
22.92,R,193,103344,CRO,33,1052,28,R,190,102338,RUS,4,2775,1
25.7,R,185,104214,RUS,21,2230,23.99,R,183,104527,SUI,17,2540,0
28.01,R,185,103819,SUI,1,11060,24.37,R,183,104527,SUI,22,1795,1
25.14,R,180,101147,SUI,427,31,24.36,L,185,101243,ARG,99,308,0
22.02,R,198,101774,USA,126,283,23.89,R,183,101510,SWE,114,346,0
29.76,R,188,103808,ITA,43,1050,25.69,R,185,104593,ESP,60,839,0
21.05,R,185,103819,SUI,13,1925,22.1,R,185,103598,BEL,19,1410,1
21.03,R,183,104068,USA,31,1065,29.6,R,190,102358,SWE,122,308,0
25.8,L,183,105385,USA,48,920,31.56,R,178,104259,GER,23,1535,0
22.88,R,183,104597,ESP,11,1515,28.02,L,193,103582,GER,104,448,0
21.61,L,175,102701,CHI,11,2143,22.37,R,180,102563,SWE,37,1080,1
26.77,R,190,102338,RUS,5,2835,24.5,R,188,102796,SWE,4,3110,1
33.36,L,180,101150,ITA,58,768,26.59,R,183,102035,SWE,12,1970,0
30.34,R,185,103084,ARG,15,1505,24.91,R,190,104173,USA,157,278,1
24.62,R,175,102021,USA,2,4065,26.02,R,188,101809,VEN,99,499,1
23.84,L,190,102202,DEN,53,791,24.99,R,175,102021,USA,4,3413,0
29.67,R,175,101647,ZIM,37,1056,24.75,R,185,102450,GBR,6,2678,0
22.7,R,185,103682,KOR,533,36,23.51,R,183,103529,PAK,486,44,0
26.03,R,180,104229,TPE,71,803,26.22,R,188,104198,ESP,49,984,1
24.36,R,175,103206,FRA,8,2055,24.8,R,173,103096,FRA,42,780,0
19,R,180,103990,ESP,83,492,19.29,R,175,103909,ARG,30,1022,0
21.73,R,190,105208,LAT,28,1494,28.42,R,185,103898,FRA,38,1024,0
24.64,R,185,101214,USA,118,274,24.89,L,188,101185,AUS,127,249,0
25.37,L,180,101897,BRA,96,482,21.92,R,180,102456,ESP,16,1526,0
23.01,R,175,101484,GEO,196,128,26.15,R,173,101119,SVK,68,518,0
30,R,190,104719,ESP,67,745,25.34,R,163,105676,BEL,13,2560,1
26.17,R,198,103812,ROU,106,408,23.04,R,178,104424,JPN,230,172,1
26.04,R,188,104542,FRA,22,1445,25.69,R,183,104597,ESP,9,2735,1
19.03,R,180,103720,AUS,18,1280,24.19,L,175,102701,CHI,7,1849,1
28.32,R,183,104527,SUI,10,2915,31.84,L,188,103852,ESP,29,1325,0
20.54,R,198,105023,USA,50,710,31.65,R,190,102845,ESP,14,1460,1
26.86,R,180,102610,ESP,21,1365,32.02,R,180,101736,USA,9,2265,0
30.84,R,183,100618,USA,106,291,27.27,R,185,100901,USA,95,316,0
31.21,R,193,102494,GER,101,391,27.85,R,185,103181,CZE,106,375,1
30.17,L,190,104999,GER,30,1457,30.44,R,188,104919,ARG,52,897,0
22.59,R,190,101414,GER,2,2752,18.83,L,170,101955,MEX,199,121,1
26.43,R,188,104797,UZB,47,875,25.58,R,196,104976,USA,156,347,1
28.64,R,193,102886,CZE,413,69,20.27,R,183,104527,SUI,69,548,0
26.75,L,185,105550,ARG,83,650,29.08,L,188,105077,ESP,26,1400,0
21.07,R,178,101750,ITA,27,912,27.62,R,183,100972,USA,63,529,0
25.59,R,168,103694,BEL,30,1010,19.97,R,193,104792,FRA,31,1000,1
26.25,R,188,104871,FRA,29,1301,23.37,R,178,105453,JPN,15,2270,1
27,R,185,101022,USA,142,249,19.1,R,175,102021,USA,12,1364,0
26.12,R,183,104571,CYP,26,1375,22.02,L,183,105385,USA,128,440,0
34.38,R,185,100529,USA,87,471,20.9,L,170,101955,MEX,91,458,1
22.15,R,196,101735,AUS,118,327,26.98,R,185,101154,AUS,87,456,0
30.46,R,188,102106,ITA,69,583,21.17,R,188,103888,USA,74,546,1
28.42,R,193,104660,UKR,93,600,28.06,R,203,104731,RSA,18,1710,0
24.31,L,183,101532,ESP,23,1108,27.4,L,188,101185,AUS,41,790,0
23.24,R,190,101932,USA,57,709,24.01,R,196,101806,GER,76,584,1
23.82,R,193,101552,BEL,201,175,25.3,R,185,101364,USA,365,52,0
22.78,L,193,102257,GBR,76,666,28.61,R,185,101412,JPN,67,714,1
23.45,R,185,102201,FRA,112,439,23.72,R,188,102162,USA,53,787,1
25.36,R,185,101106,SWE,107,275,22.48,R,185,101422,RSA,125,238,0
23.8,R,190,104076,ARG,26,1105,24.27,R,180,103990,ESP,7,2050,1
33.71,R,178,104259,GER,60,840,28.76,R,198,105227,CRO,6,4235,0
27.66,R,183,105062,KAZ,55,842,29.26,R,203,104731,RSA,15,2000,0
23.12,R,185,103387,THA,60,663,23.31,R,185,103356,SUI,36,955,1
24.3,L,190,104676,GER,74,645,28.44,R,183,103893,ITA,95,564,1
22.98,R,185,103171,NED,102,408,23.75,R,183,103017,GER,39,890,0
23.41,R,185,102765,FRA,136,337,19.11,R,185,103598,BEL,113,430,1
30.75,R,190,102845,ESP,26,1080,20.98,L,185,104745,ESP,2,5225,0
26.89,R,188,101611,FRA,20,1284,25.73,R,183,101792,CZE,48,868,0
30.77,R,178,103786,RUS,43,1010,32.43,R,175,103451,GER,113,502,1
25.54,R,178,101382,URU,59,650,27.4,L,188,101185,AUS,41,790,0
22.53,R,188,105053,COL,58,796,28.49,R,188,103888,USA,90,591,0
24.41,R,183,104597,ESP,25,1305,28.59,R,178,103794,GER,38,1016,1
21.87,R,190,101956,BAH,206,173,25.58,R,185,101422,RSA,401,54,1
22.45,R,185,102765,FRA,39,1053,22.02,R,193,102854,NED,81,583,1
25.18,R,183,103151,ARG,39,883,25.04,R,183,103176,ESP,51,762,1
28.63,R,196,103325,RSA,157,274,21.98,R,183,104620,ITA,91,456,1
29.73,L,193,103582,GER,51,842,28.51,L,188,103852,ESP,34,1205,0
27.94,R,188,100855,USA,81,363,25.61,L,190,101096,RSA,49,539,1
24.2,R,178,101413,PHI,262,103,24.24,R,185,101412,JPN,68,509,0
23.09,R,178,103786,RUS,61,645,25.57,R,175,103292,ARG,11,1700,0
20.71,R,190,104252,GER,66,592,21.97,R,198,104026,SWE,43,767,1
22.98,R,188,102344,SVK,73,659,26.76,R,178,101750,ITA,167,265,1
24.87,L,185,104745,ESP,1,12870,25.69,R,185,104593,ESP,60,839,1
25.83,L,190,105373,SVK,32,1180,26.5,R,180,105238,UKR,80,645,0
25.61,R,201,101820,SUI,13,1795,25.21,R,190,101888,CZE,38,964,0
23.83,R,185,103598,BEL,65,585,22.12,R,180,103971,SVK,85,474,1
26.16,R,175,101647,ZIM,40,845,28.04,R,190,101414,GER,4,3325,0
24.52,R,183,104022,RUS,24,1075,28.97,R,180,103110,ITA,65,560,1
30.18,R,188,104871,FRA,71,710,28.55,R,198,105227,CRO,8,3385,0
22.12,R,180,103990,ESP,23,1255,24.07,L,190,103566,FRA,65,567,0
29.49,R,175,103656,ESP,34,1325,32.97,R,178,102999,ITA,281,160,1
27.17,R,185,102223,MAR,34,971,30.19,R,175,101746,ITA,459,46,1
19.57,R,193,103498,RUS,33,1136,22.95,R,193,102854,NED,51,874,1
23.06,R,183,103835,ITA,45,775,20.5,R,185,104338,ARG,86,473,1
19.16,R,183,103151,ARG,141,311,24.28,R,185,102167,ESP,80,618,0
27.05,R,190,102998,USA,84,480,26.06,R,175,103206,FRA,13,1665,0
27.33,R,193,104792,FRA,31,1230,30.24,R,190,104252,GER,40,1065,1
21.53,R,188,103487,ITA,115,365,22.33,R,193,103344,CRO,76,568,0
20.14,R,185,104755,FRA,51,775,26.61,R,185,103484,USA,6,2220,1
25.61,R,185,102450,GBR,10,1720,29.44,R,201,101820,SUI,45,804,1
25.03,R,180,101582,AUT,62,641,26.15,R,178,101439,ESP,34,950,0
27.28,R,185,101948,USA,1,3703,24.76,R,190,102338,RUS,10,2483,1
25.51,R,188,102539,CZE,82,518,28.43,R,183,102035,SWE,53,744,0
25.69,R,190,105208,LAT,17,1915,33.98,R,185,103565,FRA,85,629,1
28.53,R,198,101774,USA,13,1944,23.97,R,188,102521,GER,94,528,1
27.64,R,188,104871,FRA,32,1150,28.3,R,185,104755,FRA,22,1655,0
23.29,R,183,102434,USA,83,601,29.03,L,183,101532,ESP,33,1198,0
19.52,R,185,103819,SUI,23,1135,26.98,R,190,102338,RUS,7,2485,0
29.04,R,185,101727,AUS,31,1089,27.12,R,188,102024,ARG,90,563,0
22.93,R,190,102358,SWE,8,2267,28.32,L,183,101532,ESP,34,1091,0
22.3,R,190,101888,CZE,111,378,22.24,R,190,101900,SWE,48,664,1
22.79,R,183,102154,RSA,109,416,22.82,R,188,102146,ESP,63,642,1
25.02,R,188,104919,ARG,68,680,20.04,R,183,105992,USA,56,802,1
30,R,183,103490,ESP,109,506,29.51,L,193,103582,GER,74,608,0
30.41,R,178,103786,RUS,36,1105,29.77,R,190,103917,FRA,103,536,1
21.09,R,170,103294,BEL,120,319,25.91,R,190,102338,RUS,2,2915,0
23.12,R,180,103990,ESP,13,1515,22.1,L,193,104180,LUX,69,565,1
27.49,R,183,102318,ROU,45,780,30.52,R,188,101843,ESP,60,670,1
29.25,L,188,105077,ESP,24,1625,29.92,R,190,104918,GBR,1,11600,1
25.67,L,183,105385,USA,44,964,27.86,R,190,104918,GBR,4,5695,0
18.85,R,193,106071,AUS,60,752,22.92,R,198,105227,CRO,28,1375,0
25.11,R,185,102025,SWE,44,928,28.64,R,183,101510,SWE,249,152,0
23.05,L,190,102110,CAN,168,253,22.77,R,180,102152,ECU,304,103,0
26.95,R,185,103830,CHN,601,37,26.61,R,180,103900,ARG,8,1930,0
30.39,R,188,101222,SWE,26,1097,27.19,R,173,101591,GBR,183,213,1
22.38,R,193,102031,HUN,173,247,25.94,R,175,101511,AUT,49,757,1
27.25,L,190,101434,CZE,43,868,21.73,R,183,102247,ITA,20,1313,0
24.38,R,190,102562,CZE,42,953,29.28,R,180,101736,USA,3,3354,0
23.07,R,173,103188,USA,122,326,19.35,R,190,103917,FRA,314,95,1
20.5,R,185,101730,RSA,375,41,23.61,L,173,101332,ISR,72,474,0
28.46,L,193,101964,CRO,65,636,20.95,R,193,103344,CRO,72,582,0
22.45,R,188,103082,GER,100,385,22.87,R,185,103009,ROU,205,160,1
18.98,R,180,102374,ESP,91,475,22.93,R,180,101736,USA,7,2176,0
20.38,L,180,103714,SWE,39,900,27.94,R,183,102247,ITA,78,551,0
23.49,R,188,103808,ITA,73,526,27.26,R,185,103066,NZL,617,29,1
25.35,R,173,102238,ESP,22,1537,23.62,R,190,102562,CZE,72,636,0
25.73,R,180,103857,RUS,91,460,22.37,R,178,104499,TPE,168,257,0
30.6,L,190,101885,AUS,82,503,25.12,R,193,102854,NED,40,978,0
27.47,R,183,101226,SWE,253,130,23.22,R,180,101736,USA,21,1233,0
26.94,R,190,104076,ARG,51,920,29.57,R,190,103523,IND,447,82,0
30.3,R,180,100837,GBR,90,447,25.06,L,193,101398,AUS,214,148,0
25.31,R,185,104338,ARG,48,1025,27.07,R,183,104022,RUS,67,845,1
29.94,R,190,104719,ESP,73,714,25.29,R,163,105676,BEL,15,2290,0
23.05,L,193,103586,POL,430,58,25.56,R,183,103103,SVK,56,685,0
30.16,R,188,101222,SWE,52,781,30.8,R,180,101142,ESP,101,482,1
25.96,R,188,102855,USA,133,312,21.26,L,183,103781,AUT,107,381,0
23.81,R,188,103758,USA,32,1025,20.88,R,196,104339,CRO,31,1026,0
22.39,R,183,101421,FIN,76,348,23.86,R,193,101264,DEN,126,224,0
30.75,R,185,104291,TUN,74,728,27.69,R,188,104871,FRA,34,1115,0
24.06,R,185,103248,ISR,321,89,25.78,R,185,102887,PAR,136,301,0
22.88,L,180,101543,USA,106,376,25.67,R,183,101232,SWE,192,161,1
21.82,L,185,104745,ESP,2,5705,28.25,R,185,103484,USA,9,1800,1
28.65,R,183,102318,ROU,32,1080,28.55,R,188,102344,SVK,68,580,1
25.04,R,178,101889,AUS,28,1096,19.57,R,175,102863,JPN,468,50,1
31.6,R,183,103893,ITA,70,710,24.03,L,190,105373,SVK,37,1055,0
20.78,R,185,103598,BEL,71,622,23.02,R,185,103181,CZE,100,412,0
25.6,L,193,101362,FRA,103,401,27.75,R,183,101126,CAN,99,406,0
24.93,R,173,101416,POR,129,329,21.53,R,185,101901,USA,116,352,0
26.86,R,188,102839,ECU,47,745,26.79,R,193,102854,NED,12,1715,0
24.8,R,173,103096,FRA,42,780,26.07,R,190,102856,BRA,40,855,0
27.8,R,188,102106,ITA,104,375,27.77,L,190,102110,CAN,163,218,1
20.47,R,190,102338,RUS,15,1676,20.41,R,190,102358,SWE,37,861,0
23.77,L,175,102905,AUT,50,780,24.52,R,185,102765,FRA,37,898,1
24.28,L,180,101404,AUT,35,810,25.9,R,188,101235,NED,38,786,1
26.32,R,180,103990,ESP,15,1360,21.01,L,190,104999,GER,94,485,1
30.43,R,188,104542,FRA,17,1740,33.66,R,190,103917,FRA,67,722,1
26.8,R,193,101529,GER,8,2381,23.99,R,185,101948,USA,2,4145,1
27.27,R,175,104216,ARG,153,356,28.78,R,185,103908,FRA,109,520,0
29.06,R,183,104022,RUS,17,1810,26.55,R,183,104468,FRA,18,1745,0
25.34,R,193,104792,FRA,16,1910,25.58,L,185,104745,ESP,2,9595,1
23.31,R,175,105554,GBR,149,378,28.7,R,183,104471,CRO,35,1170,0
25.47,L,190,101833,AUS,99,475,27.02,R,193,101609,USA,109,432,0
21.31,R,185,105095,KAZ,94,793,29.06,L,190,103566,FRA,126,608,0
23.24,R,183,104724,ARG,198,331,26.78,R,183,104068,USA,95,705,0
26.63,R,196,103325,RSA,98,419,20.65,R,178,104499,TPE,93,445,1
25.88,R,180,102783,GER,37,985,30.58,R,185,101948,USA,13,1950,0
25.06,R,178,104349,POR,124,651,31.06,R,180,103169,ESP,69,1004,0
24.5,R,180,102776,AUS,52,747,23.77,R,178,102911,RUS,112,337,0
28.28,R,190,102571,FRA,102,384,25.26,R,185,103174,ISR,172,224,1
27.21,R,185,105311,POR,30,1275,22.78,R,185,106233,AUT,7,3175,0
23.12,R,185,101924,ITA,45,774,28.8,R,180,101191,USA,42,792,0
22.09,R,198,105227,CRO,15,2330,28.83,R,180,103900,ARG,29,1345,0
24.67,R,193,103498,RUS,9,1760,22.08,R,188,104053,USA,2,3770,0
27.16,R,190,102780,CAN,308,93,24.35,R,196,103325,RSA,150,244,0
22.02,R,180,103720,AUS,1,4480,26.32,R,196,102882,AUS,90,440,1
27.19,L,180,101150,ITA,61,601,20.5,R,175,102021,USA,4,2179,0
31.05,R,185,104098,RUS,29,1244,26.23,R,198,105023,USA,46,960,0
25.78,R,180,103169,ESP,89,415,27.43,R,188,102839,ECU,55,638,0
25.48,L,188,104269,ESP,8,3900,22.93,L,185,104745,ESP,1,15360,0
21.46,R,178,102192,ECU,382,80,26.22,R,185,101495,COL,319,104,0
20.05,R,193,106401,AUS,30,1230,21.7,R,185,106233,AUT,42,995,0
20.6,L,185,104268,COL,138,303,22.87,R,185,103819,SUI,1,5610,0
27.82,R,188,101222,SWE,5,2571,22.26,R,185,101948,USA,1,3917,0
21.05,L,175,102701,CHI,11,2114,28.97,L,190,101434,CZE,34,1123,1
21.1,R,190,102358,SWE,20,1327,22.11,R,185,102184,GER,91,507,1
22.73,R,203,105668,POL,18,2029,27.17,L,185,104745,ESP,4,6860,0
22.36,R,185,101920,AUS,55,685,20.11,L,193,102257,GBR,77,547,0
21.43,R,178,105671,POR,196,258,23.09,R,185,105311,POR,140,388,0
28.12,R,185,104338,ARG,15,1925,24.98,R,188,104925,SRB,1,11200,0
19.25,R,173,103096,FRA,280,134,26.83,R,175,101746,ITA,74,640,0
26.9,R,188,100967,USA,88,363,19.04,R,185,101948,USA,12,1231,0
24.43,R,188,101222,SWE,3,2606,30.3,R,188,100656,USA,1,2976,1
24.06,L,193,102257,GBR,10,2277,29.68,L,190,101434,CZE,16,1980,1
29.97,R,193,104678,SRB,25,1475,28.54,R,196,104978,GER,134,455,1
27.75,R,175,102263,KOR,160,244,27.35,R,190,102338,RUS,7,2605,0
36.17,R,185,103565,FRA,59,854,24.2,R,183,105992,USA,158,352,0
20.21,R,180,103990,ESP,29,1125,27.39,R,188,102539,CZE,63,645,1
31.39,L,188,104269,ESP,30,1260,29.87,R,188,104559,RUS,79,632,1
20.32,R,180,101772,RUS,32,821,24.77,R,188,101222,SWE,1,3600,0
21.96,R,193,102854,NED,86,556,26,R,188,102106,ITA,50,826,1
25.85,R,193,101237,BRA,124,292,22.84,R,183,101580,AUS,337,65,0
26.84,R,188,105807,ESP,11,2280,29.62,R,198,105227,CRO,5,4770,0
25.9,R,173,102238,ESP,97,493,25.52,R,170,102286,ZIM,95,528,1
24.51,R,178,102911,RUS,81,539,22.28,R,185,103356,SUI,70,619,1
24.19,L,188,105064,BRA,50,930,26.62,R,196,104586,CZE,84,636,1
29.34,R,188,101222,SWE,17,1691,22.4,R,185,102158,AUS,38,907,1
24.1,R,188,101251,FRA,199,125,26.18,R,173,101020,GER,274,73,1
19.77,R,180,102610,ESP,58,674,22.31,R,178,102148,FRA,51,749,1
19.12,R,175,102021,USA,12,1364,25.22,R,188,101222,SWE,1,3786,0
21.71,R,196,103280,NED,256,123,27.09,R,190,102231,ESP,124,317,0
24.43,R,188,105777,BUL,26,1405,30.09,R,196,104607,CZE,5,4840,0
30.46,R,178,102148,FRA,54,745,31.26,R,175,102021,USA,142,267,1
27.98,R,196,102925,USA,144,312,26.11,R,175,103292,ARG,10,1920,0
